scenario,s,h_m_s,max_rss,max_vms,max_uss,max_pss,io_in,io_out,mean_load
/immune_cell_hum_mou/integration/scaled/full_feature/combat.h5ad,308.5328,0:05:08,25222.29,36233.86,25213.81,25216.42,0.0,1361.94,88.04
/immune_cell_hum_mou/integration/scaled/full_feature/mnn.h5ad,81901.4316,22:45:01,760801.93,802118.83,89319.22,89321.85,975.93,2793.21,310.55
/immune_cell_hum_mou/integration/scaled/full_feature/bbknn.h5ad,252.5243,0:04:12,12857.75,36233.86,12851.2,12853.79,971.67,814.54,83.7
/immune_cell_hum_mou/integration/scaled/full_feature/saucie.h5ad,311.0663,0:05:11,13115.96,36233.86,13107.56,13110.16,1198.37,2900.28,85.53
/immune_cell_hum_mou/integration/scaled/full_feature/desc.h5ad,8299.0838,2:18:19,13830.43,36233.86,13825.75,13828.36,997.98,851.73,327.86
/immune_cell_hum_mou/integration/scaled/full_feature/scanorama.h5ad,2521.3573,0:42:01,54418.37,68901.2,54409.88,54412.48,971.99,3789.65,98.43
/immune_cell_hum_mou/integration/scaled/full_feature/R/conos.RDS,3559.5143,0:59:19,2600571.94,2617283.72,156360.39,156361.05,4401.09,8544.94,587.35
/immune_cell_hum_mou/integration/scaled/full_feature/R/harmony.RDS,1667.7795,0:27:47,32602.58,35174.93,32577.18,32587.99,3648.01,8968.17,211.14
/immune_cell_hum_mou/integration/scaled/full_feature/R/seuratrpca.RDS,6717.7696,1:51:57,154247.62,160654.14,154243.14,154243.81,3654.0,10117.83,99.1
/immune_cell_hum_mou/integration/scaled/full_feature/R/fastmnn.RDS,3428.3756,0:57:08,31684.16,36233.86,31679.44,31680.16,4422.66,14461.75,96.71
/immune_cell_hum_mou/integration/scaled/hvg/mnn.h5ad,21606.9811,6:00:06,205573.06,239967.11,16900.22,16902.85,0.0,530.92,310.72
/immune_cell_hum_mou/integration/scaled/hvg/bbknn.h5ad,121.8629,0:02:01,3629.55,35248.14,3623.36,3625.96,208.16,98.89,83.08
/immune_cell_hum_mou/integration/scaled/hvg/scgen.h5ad,88467.7258,"1 day, 0:34:27",16027.69,36234.48,15984.86,15987.5,208.15,0.24,123.96
/immune_cell_hum_mou/integration/scaled/hvg/desc.h5ad,3206.6078,0:53:26,4419.03,36233.85,4414.55,4417.16,208.3,195.48,333.3
/immune_cell_hum_mou/integration/scaled/hvg/scanorama.h5ad,760.0985,0:12:40,17529.23,36233.85,17524.75,17527.36,0.0,315.72,95.75
/immune_cell_hum_mou/integration/scaled/hvg/combat.h5ad,80.2107,0:01:20,6603.87,34892.3,6599.41,6602.01,209.82,313.15,86.59
/immune_cell_hum_mou/integration/scaled/hvg/saucie.h5ad,121.6652,0:02:01,3878.84,34892.3,3870.54,3873.13,208.15,584.51,108.47
/immune_cell_hum_mou/integration/scaled/hvg/R/seuratrpca.RDS,3384.0781,0:56:24,67335.46,68367.67,67386.96,67387.64,4288.44,4973.6,97.24
/immune_cell_hum_mou/integration/scaled/hvg/R/fastmnn.RDS,1094.1368,0:18:14,8562.01,36223.21,8557.27,8558.0,3678.07,2350.16,96.12
/immune_cell_hum_mou/integration/scaled/hvg/R/harmony.RDS,347.2695,0:05:47,10127.8,35174.93,10101.86,10112.86,3648.02,364.98,230.45
/immune_cell_hum_mou/integration/scaled/hvg/R/conos.RDS,2529.2431,0:42:09,1929251.66,1945988.32,138066.51,138067.18,3657.28,4048.64,804.57
/immune_cell_hum_mou/integration/unscaled/full_feature/combat.h5ad,302.7225,0:05:02,33911.65,36887.01,33907.17,33909.77,8.79,1392.75,89.11
/immune_cell_hum_mou/integration/unscaled/full_feature/scanvi.h5ad,13349.3576,3:42:29,11736.72,36234.49,11728.54,11731.18,1067.94,409.66,99.15
/immune_cell_hum_mou/integration/unscaled/full_feature/saucie.h5ad,270.5089,0:04:30,14127.8,36223.68,14119.45,14122.04,539.28,2946.12,99.61
/immune_cell_hum_mou/integration/unscaled/full_feature/scanorama.h5ad,1865.0668,0:31:05,32443.62,36233.85,32435.13,32437.74,560.62,3359.39,97.89
/immune_cell_hum_mou/integration/unscaled/full_feature/scgen.h5ad,344966.5133,"3 days, 23:49:26",27793.16,36996.89,27784.84,27787.47,1138.68,1565.02,115.15
/immune_cell_hum_mou/integration/unscaled/full_feature/desc.h5ad,7963.0671,2:12:43,11833.75,36223.21,11828.75,11831.36,806.91,469.1,332.26
/immune_cell_hum_mou/integration/unscaled/full_feature/bbknn.h5ad,230.0139,0:03:50,10513.49,36233.86,10505.04,10507.62,552.24,561.38,93.93
/immune_cell_hum_mou/integration/unscaled/full_feature/scvi.h5ad,11215.0073,3:06:55,10677.0,36233.86,10637.3,10639.91,748.08,391.45,99.44
/immune_cell_hum_mou/integration/unscaled/full_feature/mnn.h5ad,110794.9787,"1 day, 6:46:34",88558.78,101061.61,87919.25,87921.88,4.38,2860.59,378.96
/immune_cell_hum_mou/integration/unscaled/full_feature/R/fastmnn.RDS,1793.5956,0:29:53,20825.68,36233.86,20820.96,20821.68,597.86,14681.85,98.81
/immune_cell_hum_mou/integration/unscaled/full_feature/R/seuratrpca.RDS,5115.5686,1:25:15,131296.43,133661.25,131319.94,131320.61,597.86,6529.9,99.09
/immune_cell_hum_mou/integration/unscaled/full_feature/R/liger.RDS,6537.6237,1:48:57,27507.07,54543.36,27517.73,27520.01,591.6,1326.68,363.13
/immune_cell_hum_mou/integration/unscaled/full_feature/R/conos.RDS,2056.5852,0:34:16,925837.08,942543.67,77626.7,95242.76,597.86,5213.39,546.5
/immune_cell_hum_mou/integration/unscaled/full_feature/R/harmony.RDS,715.8892,0:11:55,24020.97,35174.93,24012.82,24015.09,591.89,6353.25,273.26
/immune_cell_hum_mou/integration/unscaled/hvg/combat.h5ad,76.9214,0:01:16,6021.49,36233.85,6014.66,6017.26,114.29,318.14,89.92
/immune_cell_hum_mou/integration/unscaled/hvg/mnn.h5ad,40286.9968,11:11:26,181936.63,217423.74,17041.57,17044.2,0.0,301.38,412.59
/immune_cell_hum_mou/integration/unscaled/hvg/bbknn.h5ad,111.1448,0:01:51,2770.85,36233.85,2762.39,2765.0,114.29,131.48,91.49
/immune_cell_hum_mou/integration/unscaled/hvg/scanvi.h5ad,4033.9059,1:07:13,3785.37,36234.48,3781.12,3783.74,114.29,0.24,99.09
/immune_cell_hum_mou/integration/unscaled/hvg/scgen.h5ad,91610.687,"1 day, 1:26:50",18263.15,36223.84,18254.83,18257.51,692.28,237.79,123.04
/immune_cell_hum_mou/integration/unscaled/hvg/saucie.h5ad,128.421,0:02:08,4092.08,36460.21,4083.96,4086.56,114.29,429.02,98.17
/immune_cell_hum_mou/integration/unscaled/hvg/scanorama.h5ad,675.7888,0:11:15,10305.4,36223.68,10297.1,10299.71,114.29,164.59,94.61
/immune_cell_hum_mou/integration/unscaled/hvg/desc.h5ad,3047.9818,0:50:47,3945.14,36233.85,3937.14,3939.75,0.15,7.32,340.47
/immune_cell_hum_mou/integration/unscaled/hvg/scvi.h5ad,3074.9848,0:51:14,2234.35,36233.85,2226.55,2229.18,193.75,0.24,98.55
/immune_cell_hum_mou/integration/unscaled/hvg/R/conos.RDS,1678.9512,0:27:58,531836.38,548438.27,64386.95,74027.94,597.87,3671.41,658.62
/immune_cell_hum_mou/integration/unscaled/hvg/R/seuratrpca.RDS,2270.1759,0:37:50,44091.33,44750.74,44086.82,44087.51,597.87,1904.64,99.17
/immune_cell_hum_mou/integration/unscaled/hvg/R/liger.RDS,1838.091,0:30:38,24521.6,50087.52,24513.28,24515.83,591.5,1256.29,436.38
/immune_cell_hum_mou/integration/unscaled/hvg/R/harmony.RDS,258.1381,0:04:18,6919.85,35174.8,6894.89,6905.61,591.5,533.64,341.69
/immune_cell_hum_mou/integration/unscaled/hvg/R/fastmnn.RDS,548.7288,0:09:08,6577.71,36346.01,6573.0,6573.75,597.87,2431.07,93.85
/simulations_2/integration/scaled/hvg/combat.h5ad,51.4632,0:00:51,3523.57,36233.86,3515.12,3517.71,425.12,517.68,78.97
/simulations_2/integration/scaled/hvg/desc.h5ad,841.5452,0:14:01,3596.37,36233.85,3590.2,3592.81,425.12,261.23,301.08
/simulations_2/integration/scaled/hvg/mnn.h5ad,797.6878,0:13:17,9633.11,36233.85,9624.59,9627.21,425.12,457.42,259.97
/simulations_2/integration/scaled/hvg/saucie.h5ad,105.3912,0:01:45,2050.57,36233.86,2042.34,2044.96,425.12,0.24,98.31
/simulations_2/integration/scaled/hvg/bbknn.h5ad,62.6321,0:01:02,3151.43,36233.85,3147.31,3149.9,425.12,254.36,63.23
/simulations_2/integration/scaled/hvg/scanorama.h5ad,105.0756,0:01:45,6062.2,35015.1,6053.86,6056.47,425.12,0.24,65.51
/simulations_2/integration/scaled/hvg/scgen.h5ad,4990.46,1:23:10,8272.82,36233.85,8264.56,8267.16,425.12,117.62,183.87
/simulations_2/integration/scaled/hvg/R/conos.RDS,670.0073,0:11:10,182652.87,199421.48,27439.34,27440.0,0.05,2104.82,172.8
/simulations_2/integration/scaled/hvg/R/seurat.RDS,627.0862,0:10:27,19057.8,35174.93,19050.63,19052.88,0.05,1256.73,143.75
/simulations_2/integration/scaled/hvg/R/harmony.RDS,118.903,0:01:58,3580.9,35174.93,3556.3,3566.74,1104.6,210.34,288.67
/simulations_2/integration/scaled/hvg/R/fastmnn.RDS,202.8302,0:03:22,4022.0,36233.86,4017.27,4018.0,1105.91,528.14,91.49
/simulations_2/integration/scaled/full_feature/bbknn.h5ad,164.6655,0:02:44,5958.03,36233.86,5952.27,5954.86,1090.8,762.87,75.67
/simulations_2/integration/scaled/full_feature/scanorama.h5ad,395.6692,0:06:35,17095.66,35248.14,17087.18,17089.78,1090.8,772.54,91.85
/simulations_2/integration/scaled/full_feature/saucie.h5ad,160.2818,0:02:40,6265.06,36233.86,6256.84,6259.43,1090.8,917.67,96.28
/simulations_2/integration/scaled/full_feature/mnn.h5ad,3930.1199,1:05:30,19365.3,36233.86,19356.77,19359.4,1090.8,1174.63,331.74
/simulations_2/integration/scaled/full_feature/desc.h5ad,2021.4884,0:33:41,7031.85,36233.86,7023.77,7026.36,1090.8,871.49,342.44
/simulations_2/integration/scaled/full_feature/combat.h5ad,145.9426,0:02:25,9149.13,36233.86,9144.68,9147.27,1090.8,1487.24,83.59
/simulations_2/integration/scaled/full_feature/scgen.h5ad,20686.2793,5:44:46,11207.95,36223.68,11199.7,11202.29,1090.8,14.7,160.06
/simulations_2/integration/scaled/full_feature/R/fastmnn.RDS,841.0758,0:14:01,10174.54,34892.3,10169.84,10170.58,1105.91,3298.27,96.77
/simulations_2/integration/scaled/full_feature/R/harmony.RDS,495.5109,0:08:15,9132.68,35286.83,9124.34,9126.59,1104.59,1971.36,245.68
/simulations_2/integration/scaled/full_feature/R/conos.RDS,893.59,0:14:53,562115.51,578752.14,28324.54,28325.2,1105.91,3139.81,170.73
/simulations_2/integration/scaled/full_feature/R/seurat.RDS,1038.3745,0:17:18,46692.03,47800.75,46685.12,46687.38,0.05,2144.37,155.0
/simulations_2/integration/unscaled/hvg/bbknn.h5ad,75.9306,0:01:15,4445.87,36233.85,4439.78,4442.37,426.14,10.41,54.43
/simulations_2/integration/unscaled/hvg/saucie.h5ad,115.3636,0:01:55,5049.56,36233.85,5041.17,5043.76,426.14,554.41,114.19
/simulations_2/integration/unscaled/hvg/scanorama.h5ad,54.4923,0:00:54,7304.41,36233.85,7295.93,7298.54,426.14,0.24,75.2
/simulations_2/integration/unscaled/hvg/scanvi.h5ad,3030.4408,0:50:30,2839.42,36224.31,2831.64,2834.29,507.23,324.23,98.86
/simulations_2/integration/unscaled/hvg/trvae.h5ad,16874.9101,4:41:14,23967.76,35174.93,23954.12,23958.64,0.0,2093.2,899.34
/simulations_2/integration/unscaled/hvg/combat.h5ad,53.317,0:00:53,5131.62,36233.85,5123.17,5125.76,0.0,522.93,77.83
/simulations_2/integration/unscaled/hvg/mnn.h5ad,748.5836,0:12:28,54221.53,61804.88,13440.25,13442.88,0.0,341.51,268.65
/simulations_2/integration/unscaled/hvg/scvi.h5ad,2907.7663,0:48:27,4114.96,36233.85,4106.95,4109.55,426.14,358.36,99.3
/simulations_2/integration/unscaled/hvg/desc.h5ad,942.8104,0:15:42,4890.1,36233.85,4883.46,4886.06,0.0,104.26,278.08
/simulations_2/integration/unscaled/hvg/scgen.h5ad,7875.3088,2:11:15,10645.91,36233.86,10637.62,10640.22,0.0,228.32,152.94
/simulations_2/integration/unscaled/hvg/R/conos.RDS,332.7016,0:05:32,9458.6,36346.01,9451.23,9451.89,554.64,2756.54,184.69
/simulations_2/integration/unscaled/hvg/R/liger.RDS,652.7795,0:10:52,8421.18,42465.3,8412.79,8415.26,2.94,695.99,411.85
/simulations_2/integration/unscaled/hvg/R/harmony.RDS,111.8783,0:01:51,3349.8,34946.27,3323.4,3334.71,553.68,277.53,477.12
/simulations_2/integration/unscaled/hvg/R/seurat.RDS,517.2368,0:08:37,20494.51,35174.93,20486.09,20488.35,1175.74,511.25,126.87
/simulations_2/integration/unscaled/hvg/R/fastmnn.RDS,165.0369,0:02:45,3938.03,36223.21,3933.36,3934.08,554.64,13.33,72.52
/simulations_2/integration/unscaled/full_feature/bbknn.h5ad,232.626,0:03:52,8483.2,36233.86,8476.89,8479.48,887.59,835.56,92.65
/simulations_2/integration/unscaled/full_feature/scvi.h5ad,12810.6625,3:33:30,7015.43,36233.86,7007.75,7010.35,0.0,584.52,99.53
/simulations_2/integration/unscaled/full_feature/desc.h5ad,2511.8133,0:41:51,9245.92,36233.86,9239.42,9242.03,887.59,928.21,298.35
/simulations_2/integration/unscaled/full_feature/trvae.h5ad,19781.7761,5:29:41,20277.66,35174.81,20219.19,20250.29,277.11,5535.87,677.34
/simulations_2/integration/unscaled/full_feature/scgen.h5ad,38344.0219,10:39:04,14413.89,36233.86,14405.56,14408.16,0.0,637.55,132.71
/simulations_2/integration/unscaled/full_feature/scanvi.h5ad,13406.4669,3:43:26,7008.07,36234.49,7000.43,7003.04,887.59,650.4,99.55
/simulations_2/integration/unscaled/full_feature/saucie.h5ad,209.7226,0:03:29,10261.03,36233.86,10252.68,10255.27,887.59,1850.31,99.08
/simulations_2/integration/unscaled/full_feature/combat.h5ad,146.3072,0:02:26,13102.87,36233.86,13100.51,13103.11,0.0,1517.7,84.06
/simulations_2/integration/unscaled/full_feature/mnn.h5ad,3704.1166,1:01:44,29570.13,36233.86,29266.44,29269.07,0.0,963.01,342.75
/simulations_2/integration/unscaled/full_feature/scanorama.h5ad,137.1088,0:02:17,15875.99,36233.85,15867.53,15870.12,887.59,561.96,92.78
/simulations_2/integration/unscaled/full_feature/R/fastmnn.RDS,758.466,0:12:38,9432.77,36233.86,9428.05,9428.78,554.64,3104.25,95.48
/simulations_2/integration/unscaled/full_feature/R/liger.RDS,1897.9224,0:31:37,10890.57,35174.93,10882.14,10884.39,0.05,621.33,318.34
/simulations_2/integration/unscaled/full_feature/R/conos.RDS,439.4338,0:07:19,550474.64,567136.44,14046.18,21987.39,554.64,3086.47,139.53
/simulations_2/integration/unscaled/full_feature/R/harmony.RDS,329.5383,0:05:29,9236.66,35174.93,9228.48,9230.73,0.05,1757.32,286.51
/simulations_2/integration/unscaled/full_feature/R/seurat.RDS,811.8485,0:13:31,35901.18,37000.94,35893.8,35896.05,553.67,1688.14,172.41
/pancreas/integration/scaled/full_feature/scanorama.h5ad,968.6436,0:16:08,25488.91,36233.86,25482.43,25485.04,486.69,1245.15,95.74
/pancreas/integration/scaled/full_feature/mnn.h5ad,5778.5742,1:36:18,48289.43,56718.63,41269.75,41272.37,449.95,1071.67,335.12
/pancreas/integration/scaled/full_feature/seurat.h5ad,5819.8693,1:36:59,55631.2,59607.87,55626.39,55645.7,0.0,3309.46,72.99
/pancreas/integration/scaled/full_feature/bbknn.h5ad,85.1485,0:01:25,5202.61,36233.86,5195.53,5198.12,449.95,394.11,81.47
/pancreas/integration/scaled/full_feature/trvae.h5ad,10809.6281,3:00:09,14767.76,38815.29,14748.33,14752.51,0.0,3065.88,1708.95
/pancreas/integration/scaled/full_feature/combat.h5ad,123.0335,0:02:03,12732.13,36233.86,12729.66,12732.26,449.95,544.97,80.92
/pancreas/integration/scaled/full_feature/harmony.h5ad,524.783,0:08:44,5388.89,35175.93,5326.19,5355.43,7.91,109.46,1013.3
/pancreas/integration/scaled/full_feature/scvi.h5ad,166.0551,0:02:46,3373.0,36953.57,3169.86,3190.4,0.0,282.66,147.7
/pancreas/integration/scaled/full_feature/scgen.h5ad,27629.6102,7:40:29,8358.11,36236.45,8349.8,8352.4,481.49,88.55,166.99
/pancreas/integration/scaled/full_feature/saucie.h5ad,155.1072,0:02:35,5553.35,7407.78,5545.11,5547.71,449.95,934.8,99.26
/pancreas/integration/scaled/full_feature/desc.h5ad,2574.8269,0:42:54,6247.6,36233.86,6240.23,6242.83,450.1,496.55,387.47
/pancreas/integration/scaled/full_feature/R/fastmnn.RDS,718.5722,0:11:58,11648.88,36233.86,11644.17,11644.89,1347.83,5506.27,95.6
/pancreas/integration/scaled/full_feature/R/seuratrpca.RDS,1657.1608,0:27:37,61040.54,62565.66,61038.13,61038.81,1347.83,3573.47,97.95
/pancreas/integration/scaled/full_feature/R/conos.RDS,485.8822,0:08:05,12123.61,35248.15,12124.84,12125.49,1347.83,1565.5,131.82
/pancreas/integration/scaled/full_feature/R/seurat.RDS,1409.5804,0:23:29,50916.57,52010.85,50891.9,50902.77,0.04,3474.24,126.49
/pancreas/integration/scaled/full_feature/R/harmony.RDS,518.5375,0:08:38,13861.52,35174.81,13836.24,13847.07,0.04,3263.77,141.02
/pancreas/integration/scaled/hvg/scanorama.h5ad,126.634,0:02:06,3185.52,36233.85,3177.07,3179.67,45.65,0.24,79.81
/pancreas/integration/scaled/hvg/scgen.h5ad,3645.7173,1:00:45,3021.47,36233.86,3017.32,3019.91,45.65,0.24,196.69
/pancreas/integration/scaled/hvg/bbknn.h5ad,26.0799,0:00:26,781.38,36236.44,773.04,775.62,45.65,0.24,30.03
/pancreas/integration/scaled/hvg/trvae.h5ad,28659.9624,7:57:39,17327.77,38680.53,17307.67,17312.18,62.32,988.13,956.88
/pancreas/integration/scaled/hvg/saucie.h5ad,80.624,0:01:20,1211.11,36233.86,1202.91,1205.5,45.65,75.34,124.94
/pancreas/integration/scaled/hvg/harmony.h5ad,454.3126,0:07:34,942.37,35165.28,877.84,907.18,45.3,0.47,1100.22
/pancreas/integration/scaled/hvg/mnn.h5ad,587.9505,0:09:47,12533.14,34892.3,3967.18,3969.8,45.65,0.24,246.37
/pancreas/integration/scaled/hvg/scvi.h5ad,69.3901,0:01:09,754.59,36953.57,552.5,570.62,0.0,0.0,184.81
/pancreas/integration/scaled/hvg/combat.h5ad,21.0808,0:00:21,1540.53,2720.17,1534.2,1536.79,45.65,0.24,48.81
/pancreas/integration/scaled/hvg/seurat.h5ad,606.8077,0:10:06,20073.98,22157.58,20025.91,20039.34,0.02,1194.36,200.36
/pancreas/integration/scaled/hvg/desc.h5ad,837.0993,0:13:57,1443.39,36233.85,1437.96,1440.55,63.85,7.5,295.31
/pancreas/integration/scaled/hvg/R/conos.RDS,182.4813,0:03:02,6602.34,36233.86,6605.3,6605.97,0.05,267.3,277.3
/pancreas/integration/scaled/hvg/R/harmony.RDS,70.982,0:01:10,3063.33,35174.43,3038.02,3048.74,1374.08,0.5,142.06
/pancreas/integration/scaled/hvg/R/seurat.RDS,576.4755,0:09:36,23829.56,35164.76,23804.29,23815.03,1374.08,1336.74,115.54
/pancreas/integration/scaled/hvg/R/seuratrpca.RDS,539.1601,0:08:59,24955.21,36452.26,24950.69,24951.38,1347.84,1347.71,95.4
/pancreas/integration/scaled/hvg/R/fastmnn.RDS,97.938,0:01:37,3733.12,36233.86,3728.44,3729.17,1347.84,92.52,67.21
/pancreas/integration/unscaled/full_feature/scgen.h5ad,28824.376,8:00:24,8362.55,36233.86,8354.24,8356.84,301.32,126.6,164.66
/pancreas/integration/unscaled/full_feature/trvae.h5ad,11056.0298,3:04:16,14162.57,35174.93,14185.42,14215.34,403.03,3791.56,871.71
/pancreas/integration/unscaled/full_feature/scanorama.h5ad,519.7528,0:08:39,20303.27,36233.85,20294.79,20297.39,301.32,1218.38,92.67
/pancreas/integration/unscaled/full_feature/scvi.h5ad,21433.0924,5:57:13,4601.65,36233.86,4594.03,4596.64,301.32,3.0,99.64
/pancreas/integration/unscaled/full_feature/desc.h5ad,2591.984,0:43:11,6251.8,36233.86,6244.6,6247.19,301.32,130.77,384.85
/pancreas/integration/unscaled/full_feature/bbknn.h5ad,78.3298,0:01:18,5203.26,35248.15,5196.07,5198.67,301.32,313.58,88.8
/pancreas/integration/unscaled/full_feature/mnn.h5ad,6010.0812,1:40:10,52233.4,61716.01,39958.56,39961.2,301.32,881.79,432.02
/pancreas/integration/unscaled/full_feature/saucie.h5ad,149.7816,0:02:29,5555.3,36233.86,5547.11,5549.7,301.32,1109.55,105.04
/pancreas/integration/unscaled/full_feature/scanvi.h5ad,22395.994,6:13:15,6135.07,36234.48,6127.45,6130.07,301.32,0.24,99.64
/pancreas/integration/unscaled/full_feature/combat.h5ad,122.5385,0:02:02,12962.93,36233.86,12954.43,12956.92,301.32,551.09,81.78
/pancreas/integration/unscaled/full_feature/R/fastmnn.RDS,705.1294,0:11:45,11315.0,35015.11,11310.29,11311.01,307.23,5118.73,93.23
/pancreas/integration/unscaled/full_feature/R/conos.RDS,329.7643,0:05:29,11118.33,36233.86,11119.62,11120.27,1034.59,525.89,264.61
/pancreas/integration/unscaled/full_feature/R/seurat.RDS,715.9728,0:11:55,31717.64,35174.93,31691.81,31702.98,0.04,1557.01,157.44
/pancreas/integration/unscaled/full_feature/R/seuratrpca.RDS,1154.5842,0:19:14,57528.2,58184.63,57523.65,57524.33,307.25,2025.0,96.51
/pancreas/integration/unscaled/full_feature/R/harmony.RDS,265.7423,0:04:25,10407.08,35174.93,10381.8,10392.55,0.04,2458.17,192.98
/pancreas/integration/unscaled/full_feature/R/liger.RDS,3323.6237,0:55:23,13485.13,35174.93,13478.75,13481.03,324.79,433.57,295.58
/pancreas/integration/unscaled/hvg/scanvi.h5ad,2588.3133,0:43:08,1056.5,35248.78,1048.94,1051.58,36.64,0.24,98.85
/pancreas/integration/unscaled/hvg/saucie.h5ad,77.4388,0:01:17,1216.59,36233.86,1208.29,1210.89,36.64,137.48,131.67
/pancreas/integration/unscaled/hvg/scgen.h5ad,3705.0248,1:01:45,3109.44,36233.86,3105.25,3107.84,0.0,0.24,194.97
/pancreas/integration/unscaled/hvg/bbknn.h5ad,24.8612,0:00:24,912.48,36233.85,904.31,906.9,36.66,0.24,35.75
/pancreas/integration/unscaled/hvg/combat.h5ad,20.0892,0:00:20,1405.02,36233.85,1400.57,1403.16,38.32,10.72,54.34
/pancreas/integration/unscaled/hvg/trvae.h5ad,8616.4784,2:23:36,12724.58,35174.93,12603.09,12660.42,0.0,437.69,986.62
/pancreas/integration/unscaled/hvg/scvi.h5ad,2454.9411,0:40:54,861.32,36233.85,853.59,856.2,36.64,0.24,99.32
/pancreas/integration/unscaled/hvg/desc.h5ad,717.7063,0:11:57,1411.88,36233.85,1406.1,1408.69,36.64,7.32,307.79
/pancreas/integration/unscaled/hvg/mnn.h5ad,641.1012,0:10:41,4805.5,36233.85,4801.24,4803.86,36.64,0.24,330.27
/pancreas/integration/unscaled/hvg/scanorama.h5ad,79.2911,0:01:19,2080.1,36233.85,2077.62,2080.22,36.64,106.22,89.76
/pancreas/integration/unscaled/hvg/R/fastmnn.RDS,84.0539,0:01:24,3732.91,35476.57,3728.18,3728.91,0.05,354.58,77.74
/pancreas/integration/unscaled/hvg/R/conos.RDS,194.3202,0:03:14,100640.18,109790.6,5512.78,8405.05,346.3,172.65,451.87
/pancreas/integration/unscaled/hvg/R/harmony.RDS,54.9498,0:00:54,1468.75,35174.8,1456.3,1460.57,324.81,24.09,346.43
/pancreas/integration/unscaled/hvg/R/seuratrpca.RDS,272.006,0:04:32,19057.87,35477.2,19053.62,19054.31,307.24,276.83,89.99
/pancreas/integration/unscaled/hvg/R/liger.RDS,530.5863,0:08:50,3795.59,35401.3,3787.7,3789.97,327.58,426.12,486.2
/pancreas/integration/unscaled/hvg/R/seurat.RDS,415.4201,0:06:55,9874.68,35174.93,9866.27,9868.55,0.06,322.14,135.77
/mouse_brain/integration/scaled/full_feature/scanorama.h5ad,1011.51,0:16:51,379080.0,467998.59,379017.87,379020.56,9424.8,0.27,89.34
/mouse_brain/integration/scaled/full_feature/bbknn.h5ad,3176.2436,0:52:56,175672.08,176618.2,175663.63,175666.26,8854.15,9837.74,97.04
/mouse_brain/integration/scaled/full_feature/combat.h5ad,3835.6483,1:03:55,379049.65,462118.7,378651.55,378651.96,9106.25,0.24,98.38
/mouse_brain/integration/scaled/full_feature/desc.h5ad,115066.5636,"1 day, 7:57:46",206807.7,208129.66,206799.4,206802.03,9259.95,8857.04,360.65
/mouse_brain/integration/scaled/full_feature/saucie.h5ad,3545.713,0:59:05,225560.61,242723.43,226032.13,226034.81,9252.68,54389.76,91.51
/mouse_brain/integration/scaled/full_feature/R/conos.RDS,35343.7821,9:49:03,2198379.93,2444508.42,363242.71,378003.34,94279.32,0.3,61.29
/mouse_brain/integration/scaled/full_feature/R/fastmnn.RDS,20076.5255,5:34:36,379495.7,498221.32,379504.21,379504.96,66905.94,0.32,89.19
/mouse_brain/integration/scaled/hvg/scanorama.h5ad,9640.4438,2:40:40,73776.27,76452.65,73767.8,73770.42,931.08,7699.95,99.16
/mouse_brain/integration/scaled/hvg/combat.h5ad,643.1449,0:10:43,87318.46,90294.4,87317.99,87320.62,925.97,1055.94,93.27
/mouse_brain/integration/scaled/hvg/saucie.h5ad,621.1295,0:10:21,19260.2,35248.14,19251.79,19254.41,941.6,7524.88,87.06
/mouse_brain/integration/scaled/hvg/desc.h5ad,29961.0411,8:19:21,26527.11,36233.85,26518.97,26521.6,1296.99,838.68,341.17
/mouse_brain/integration/scaled/hvg/bbknn.h5ad,948.4444,0:15:48,24071.29,36233.85,24063.29,24065.92,924.31,2329.9,97.25
/mouse_brain/integration/scaled/hvg/R/fastmnn.RDS,9316.9995,2:35:16,129811.52,141003.45,129815.71,129816.4,63904.0,29127.68,98.79
/mouse_brain/integration/scaled/hvg/R/harmony.RDS,3482.9277,0:58:02,126215.08,141619.0,126212.45,126213.16,63590.2,3916.21,235.71
/mouse_brain/integration/unscaled/full_feature/scanorama.h5ad,7542.3863,2:05:42,182363.83,183320.72,182355.35,182357.97,4642.53,13512.75,98.5
/mouse_brain/integration/unscaled/full_feature/desc.h5ad,115469.1724,"1 day, 8:04:29",150638.76,160246.36,150662.28,150664.91,4636.91,4613.43,361.63
/mouse_brain/integration/unscaled/full_feature/scvi.h5ad,20386.9777,5:39:46,37117.29,41548.63,37111.48,37114.1,4830.29,4393.91,99.44
/mouse_brain/integration/unscaled/full_feature/combat.h5ad,3505.5926,0:58:25,378723.66,422591.82,378661.25,378661.7,5176.53,0.26,96.9
/mouse_brain/integration/unscaled/full_feature/bbknn.h5ad,2223.3805,0:37:03,183404.64,184350.88,183396.19,183398.8,4637.66,5486.0,96.81
/mouse_brain/integration/unscaled/full_feature/scanvi.h5ad,29645.3567,8:14:05,98137.65,101963.59,98129.5,98132.15,5177.51,4655.21,99.44
/mouse_brain/integration/unscaled/full_feature/saucie.h5ad,3456.8745,0:57:36,195645.0,203488.73,195996.36,195998.98,4655.73,54242.76,90.15
/mouse_brain/integration/unscaled/full_feature/R/harmony.RDS,12455.4149,3:27:35,380546.25,453912.88,380631.39,380631.42,88252.67,110290.68,180.73
/mouse_brain/integration/unscaled/full_feature/R/fastmnn.RDS,6053.3204,1:40:53,145119.04,145784.79,145114.33,145115.08,5209.31,0.3,97.9
/mouse_brain/integration/unscaled/full_feature/R/conos.RDS,11430.2117,3:10:30,594093.89,597075.55,324881.54,324882.22,4514.48,9797.85,320.71
/mouse_brain/integration/unscaled/hvg/desc.h5ad,29454.8044,8:10:54,14477.51,36233.85,14472.74,14475.38,910.8,329.41,342.96
/mouse_brain/integration/unscaled/hvg/scvi.h5ad,3040.8208,0:50:40,3556.42,36460.21,3548.88,3551.56,715.0,264.24,98.27
/mouse_brain/integration/unscaled/hvg/combat.h5ad,719.2836,0:11:59,77133.07,84492.24,77130.59,77133.27,874.41,1253.84,83.93
/mouse_brain/integration/unscaled/hvg/saucie.h5ad,602.858,0:10:02,21737.85,36233.85,21731.61,21734.23,872.61,7335.71,88.23
/mouse_brain/integration/unscaled/hvg/scanvi.h5ad,5270.2058,1:27:50,13310.82,36234.48,13302.83,13305.48,504.18,345.56,99.1
/mouse_brain/integration/unscaled/hvg/scanorama.h5ad,5327.7384,1:28:47,22273.79,35485.15,22265.5,22268.11,839.69,1597.7,98.58
/mouse_brain/integration/unscaled/hvg/bbknn.h5ad,821.1658,0:13:41,17074.21,35248.14,17065.73,17068.36,512.48,1247.25,95.64
/mouse_brain/integration/unscaled/hvg/R/harmony.RDS,2195.5515,0:36:35,62165.16,63187.51,62154.53,62157.95,4780.06,2964.54,268.87
/mouse_brain/integration/unscaled/hvg/R/fastmnn.RDS,13692.1501,3:48:12,52535.45,53192.54,52530.73,52531.5,5325.73,28986.35,98.9
/mouse_brain/integration/unscaled/hvg/R/conos.RDS,12209.2654,3:23:29,356781.92,359538.15,356779.31,356780.0,4517.86,4964.0,312.01
/mouse_brain/integration/unscaled/hvg/R/liger.RDS,47065.1013,13:04:25,113919.47,127008.83,113918.27,113918.62,33431.05,11848.86,108.44
/lung_atlas/integration/unscaled/hvg/bbknn.h5ad,40.6211,0:00:40,898.02,36233.85,889.56,892.15,62.66,0.27,20.8
/lung_atlas/integration/unscaled/hvg/trvae.h5ad,60094.2578,16:41:34,368901.49,380609.9,368895.91,368897.62,1683.87,1582.0,648.81
/lung_atlas/integration/unscaled/hvg/mnn.h5ad,3967.6118,1:06:07,8557.08,36223.68,5617.09,5619.72,0.0,0.24,430.29
/lung_atlas/integration/unscaled/hvg/scgen.h5ad,11527.555,3:12:07,6296.91,36233.86,6288.75,6291.35,0.0,56.39,160.41
/lung_atlas/integration/unscaled/hvg/scanvi.h5ad,3046.9025,0:50:46,1223.21,36234.48,1215.62,1218.24,275.34,0.24,98.41
/lung_atlas/integration/unscaled/hvg/saucie.h5ad,85.8708,0:01:25,1418.63,36233.85,1410.39,1412.99,0.0,106.87,120.89
/lung_atlas/integration/unscaled/hvg/scanorama.h5ad,181.7097,0:03:01,3059.41,36233.86,3050.94,3053.54,62.66,0.24,88.57
/lung_atlas/integration/unscaled/hvg/combat.h5ad,32.3773,0:00:32,1586.0,35081.98,1577.55,1580.14,62.66,0.24,27.18
/lung_atlas/integration/unscaled/hvg/scvi.h5ad,2746.429,0:45:46,1374.44,36233.85,1368.88,1371.47,62.66,0.24,98.54
/lung_atlas/integration/unscaled/hvg/desc.h5ad,1267.4903,0:21:07,1422.64,36233.85,1418.37,1420.98,0.0,7.32,327.17
/lung_atlas/integration/unscaled/hvg/R/seuratrpca.RDS,547.3186,0:09:07,17249.09,35246.03,17244.51,17245.2,496.41,494.07,93.62
/lung_atlas/integration/unscaled/hvg/R/fastmnn.RDS,112.3319,0:01:52,3149.07,36223.21,3144.35,3145.08,496.41,857.77,84.74
/lung_atlas/integration/unscaled/hvg/R/seurat.RDS,937.202,0:15:37,21434.43,35174.93,21426.12,21428.4,0.05,495.74,165.95
/lung_atlas/integration/unscaled/hvg/R/conos.RDS,383.6475,0:06:23,149167.55,165877.07,31804.39,33946.88,496.41,829.19,343.92
/lung_atlas/integration/unscaled/hvg/R/harmony.RDS,144.8804,0:02:24,2616.82,35174.93,2590.4,2601.71,493.66,96.46,496.82
/lung_atlas/integration/unscaled/hvg/R/liger.RDS,737.7074,0:12:17,8008.18,41350.01,7999.54,8002.04,1077.4,715.24,481.21
/lung_atlas/integration/unscaled/full_feature/trvae.h5ad,103121.9286,"1 day, 4:38:41",329225.01,336845.75,329163.35,329192.61,0.0,10719.17,686.39
/lung_atlas/integration/unscaled/full_feature/saucie.h5ad,180.3657,0:03:00,6041.72,36233.85,6033.33,6035.92,446.36,1738.5,102.06
/lung_atlas/integration/unscaled/full_feature/scanvi.h5ad,20208.8113,5:36:48,4915.59,36234.48,4908.04,4910.66,446.36,450.44,99.71
/lung_atlas/integration/unscaled/full_feature/bbknn.h5ad,95.4906,0:01:35,5012.94,36233.86,5004.52,5007.11,0.0,163.77,74.86
/lung_atlas/integration/unscaled/full_feature/combat.h5ad,182.3788,0:03:02,17660.53,35485.15,17654.08,17656.67,446.36,641.72,86.31
/lung_atlas/integration/unscaled/full_feature/scgen.h5ad,80591.8352,22:23:11,12115.82,36233.86,12107.7,12110.3,0.0,353.88,137.18
/lung_atlas/integration/unscaled/full_feature/scanorama.h5ad,871.2982,0:14:31,19660.28,36233.85,19651.8,19654.41,0.0,2260.56,96.29
/lung_atlas/integration/unscaled/full_feature/scvi.h5ad,19036.2472,5:17:16,2412.42,35248.15,2404.92,2407.53,535.12,450.48,99.62
/lung_atlas/integration/unscaled/full_feature/desc.h5ad,4318.1926,1:11:58,4860.1,36233.86,4856.81,4859.42,446.36,473.83,370.56
/lung_atlas/integration/unscaled/full_feature/mnn.h5ad,21366.7741,5:56:06,200025.15,233172.72,46877.08,46879.71,446.36,1787.59,461.65
/lung_atlas/integration/unscaled/full_feature/R/liger.RDS,3140.1756,0:52:20,15786.36,44642.78,15782.2,15782.7,1206.89,722.7,380.53
/lung_atlas/integration/unscaled/full_feature/R/seuratrpca.RDS,2335.0473,0:38:55,78574.03,79231.8,78569.59,78570.27,496.4,4661.43,99.11
/lung_atlas/integration/unscaled/full_feature/R/seurat.RDS,3038.43,0:50:38,132754.13,147523.95,132728.19,132739.3,493.66,4134.36,159.44
/lung_atlas/integration/unscaled/full_feature/R/conos.RDS,498.9004,0:08:18,290644.68,307269.46,15481.34,21179.28,525.56,1182.6,284.41
/lung_atlas/integration/unscaled/full_feature/R/harmony.RDS,401.0123,0:06:41,14745.8,35174.8,14719.83,14730.93,0.45,3615.75,228.32
/lung_atlas/integration/unscaled/full_feature/R/fastmnn.RDS,874.3945,0:14:34,12491.48,35248.15,12486.77,12487.5,496.82,8847.69,96.37
/lung_atlas/integration/scaled/full_feature/scgen.h5ad,81223.0281,22:33:43,9608.77,35015.1,9604.42,9607.02,0.0,0.24,136.86
/lung_atlas/integration/scaled/full_feature/combat.h5ad,192.446,0:03:12,12888.52,36233.86,12886.09,12888.7,614.87,512.4,80.07
/lung_atlas/integration/scaled/full_feature/scanorama.h5ad,1333.3909,0:22:13,34607.8,36695.87,34601.32,34603.93,614.85,2106.57,97.41
/lung_atlas/integration/scaled/full_feature/bbknn.h5ad,119.7743,0:01:59,5243.52,35248.15,5238.08,5240.67,0.0,497.43,83.04
/lung_atlas/integration/scaled/full_feature/saucie.h5ad,181.5702,0:03:01,5564.95,36233.86,5556.66,5559.25,614.85,1745.37,104.38
/lung_atlas/integration/scaled/full_feature/mnn.h5ad,16556.0111,4:35:56,46512.32,62845.8,45581.07,45583.69,0.0,1444.56,356.22
/lung_atlas/integration/scaled/full_feature/desc.h5ad,4678.0018,1:17:58,6258.27,36233.86,6253.94,6256.55,614.85,655.84,356.92
/lung_atlas/integration/scaled/full_feature/R/harmony.RDS,907.8362,0:15:07,21080.99,35174.93,21055.14,21066.21,0.05,5509.5,191.23
/lung_atlas/integration/scaled/full_feature/R/fastmnn.RDS,1162.3161,0:19:22,17818.2,36233.86,17813.49,17814.21,2294.84,9154.83,98.37
/lung_atlas/integration/scaled/full_feature/R/seuratrpca.RDS,3289.9461,0:54:49,97544.57,101662.16,97540.23,97540.91,2294.84,6121.77,98.51
/lung_atlas/integration/scaled/full_feature/R/conos.RDS,1022.7506,0:17:02,906740.53,923378.72,45723.14,55932.12,2294.84,3186.54,223.46
/lung_atlas/integration/scaled/hvg/scanorama.h5ad,247.0396,0:04:07,4142.45,36233.85,4134.08,4136.68,81.27,0.24,89.48
/lung_atlas/integration/scaled/hvg/saucie.h5ad,86.3259,0:01:26,1362.64,36233.85,1354.31,1356.91,81.27,79.26,121.15
/lung_atlas/integration/scaled/hvg/mnn.h5ad,2191.6704,0:36:31,4430.59,36233.85,4338.0,4340.65,0.0,96.17,285.54
/lung_atlas/integration/scaled/hvg/bbknn.h5ad,41.2064,0:00:41,1088.32,36233.85,1079.86,1082.45,81.27,0.26,21.31
/lung_atlas/integration/scaled/hvg/desc.h5ad,1425.8934,0:23:45,1647.91,36233.85,1642.97,1645.58,81.28,7.32,318.31
/lung_atlas/integration/scaled/hvg/scgen.h5ad,11746.2054,3:15:46,5439.48,36233.86,5435.18,5437.78,0.0,0.24,159.8
/lung_atlas/integration/scaled/hvg/combat.h5ad,29.0696,0:00:29,1886.13,36233.85,1877.68,1880.27,81.27,0.24,39.11
/lung_atlas/integration/scaled/hvg/R/seurat.RDS,1730.8393,0:28:50,52022.07,56785.17,52013.77,52016.03,0.04,2712.46,138.72
/lung_atlas/integration/scaled/hvg/R/conos.RDS,495.6545,0:08:15,502596.36,519224.05,21692.37,24823.65,2294.85,816.18,346.8
/lung_atlas/integration/scaled/hvg/R/harmony.RDS,186.1108,0:03:06,3751.54,35174.93,3743.39,3745.55,2293.41,81.37,500.49
/lung_atlas/integration/scaled/hvg/R/seuratrpca.RDS,1081.2508,0:18:01,34590.38,35477.2,34585.86,34586.54,2294.86,2480.8,97.31
/lung_atlas/integration/scaled/hvg/R/fastmnn.RDS,189.3873,0:03:09,5392.58,34892.3,5387.95,5388.67,2294.85,477.79,81.68
/simulations_1_1/integration/unscaled/full_feature/combat.h5ad,86.4971,0:01:26,5568.66,36233.86,5560.31,5562.91,478.46,768.6,79.25
/simulations_1_1/integration/unscaled/full_feature/scvi.h5ad,8318.8018,2:18:38,4143.92,36233.86,4136.45,4139.05,672.21,390.34,99.47
/simulations_1_1/integration/unscaled/full_feature/mnn.h5ad,1394.4995,0:23:14,13309.33,36233.86,12743.94,12746.57,0.0,267.79,333.72
/simulations_1_1/integration/unscaled/full_feature/scgen.h5ad,15836.9059,4:23:56,9637.05,35248.15,9628.73,9631.33,478.46,260.95,149.57
/simulations_1_1/integration/unscaled/full_feature/scanorama.h5ad,238.4621,0:03:58,14239.24,36233.86,14232.75,14235.36,478.46,482.8,92.67
/simulations_1_1/integration/unscaled/full_feature/desc.h5ad,1467.3451,0:24:27,5564.48,36233.86,5558.37,5560.97,478.46,431.79,303.35
/simulations_1_1/integration/unscaled/full_feature/bbknn.h5ad,144.5903,0:02:24,4623.04,36233.86,4615.72,4618.32,478.46,419.96,90.29
/simulations_1_1/integration/unscaled/full_feature/scanvi.h5ad,8674.9984,2:24:34,4092.54,36234.49,4084.88,4087.49,478.46,430.93,99.61
/simulations_1_1/integration/unscaled/full_feature/saucie.h5ad,150.1777,0:02:30,6040.71,36233.86,6032.36,6034.96,478.46,1031.57,103.5
/simulations_1_1/integration/unscaled/full_feature/trvae.h5ad,14010.5308,3:53:30,14867.37,35174.93,14839.77,14853.28,0.0,3318.77,578.59
/simulations_1_1/integration/unscaled/full_feature/R/seuratrpca.RDS,654.8966,0:10:54,21459.63,22121.23,21455.11,21455.79,299.34,1002.94,96.89
/simulations_1_1/integration/unscaled/full_feature/R/fastmnn.RDS,498.4516,0:08:18,5668.87,35139.78,5664.16,5664.89,299.34,2234.41,97.21
/simulations_1_1/integration/unscaled/full_feature/R/seurat.RDS,669.9205,0:11:09,27348.64,35401.3,27343.87,27345.46,298.7,819.5,176.6
/simulations_1_1/integration/unscaled/full_feature/R/harmony.RDS,202.6653,0:03:22,5388.27,35174.93,5383.2,5384.85,0.05,1118.37,315.54
/simulations_1_1/integration/unscaled/full_feature/R/liger.RDS,936.5227,0:15:36,6413.13,35174.93,6408.01,6409.72,2.45,304.83,319.08
/simulations_1_1/integration/unscaled/full_feature/R/conos.RDS,193.6192,0:03:13,6259.52,11395.47,6261.36,6262.01,299.34,745.14,145.14
/simulations_1_1/integration/unscaled/hvg/scvi.h5ad,1861.9949,0:31:01,2535.98,36233.86,2528.39,2530.98,227.02,66.42,98.77
/simulations_1_1/integration/unscaled/hvg/combat.h5ad,38.5034,0:00:38,2883.04,36233.85,2874.59,2877.18,227.02,0.24,22.05
/simulations_1_1/integration/unscaled/hvg/scgen.h5ad,3525.0324,0:58:45,5826.88,36233.85,5824.62,5827.22,0.0,0.24,173.1
/simulations_1_1/integration/unscaled/hvg/desc.h5ad,439.897,0:07:19,3137.43,36233.86,3129.15,3131.74,0.0,211.47,300.42
/simulations_1_1/integration/unscaled/hvg/scanvi.h5ad,1948.1756,0:32:28,2405.09,36234.48,2397.32,2399.93,227.01,130.7,98.85
/simulations_1_1/integration/unscaled/hvg/saucie.h5ad,97.2281,0:01:37,3046.14,36233.85,3038.07,3040.67,0.0,29.54,105.18
/simulations_1_1/integration/unscaled/hvg/trvae.h5ad,8981.6468,2:29:41,16790.19,35174.93,16780.03,16783.12,278.5,1347.63,879.66
/simulations_1_1/integration/unscaled/hvg/bbknn.h5ad,45.1319,0:00:45,2502.51,36233.86,2494.19,2496.78,227.02,0.24,25.2
/simulations_1_1/integration/unscaled/hvg/scanorama.h5ad,70.5369,0:01:10,4426.79,36233.85,4418.34,4420.95,227.02,0.24,58.22
/simulations_1_1/integration/unscaled/hvg/mnn.h5ad,290.4163,0:04:50,7076.25,36233.86,7067.73,7070.35,0.0,224.35,261.66
/simulations_1_1/integration/unscaled/hvg/R/liger.RDS,564.0886,0:09:24,6096.43,39663.93,6088.14,6090.64,0.05,362.47,514.5
/simulations_1_1/integration/unscaled/hvg/R/conos.RDS,131.1666,0:02:11,4816.04,36233.86,4813.2,4813.87,0.05,363.32,172.11
/simulations_1_1/integration/unscaled/hvg/R/harmony.RDS,60.2493,0:01:00,2482.51,35174.8,2456.62,2467.67,298.7,23.09,291.5
/simulations_1_1/integration/unscaled/hvg/R/seuratrpca.RDS,220.5343,0:03:40,12217.54,12874.02,12212.99,12213.68,299.35,206.24,83.79
/simulations_1_1/integration/unscaled/hvg/R/seurat.RDS,301.1187,0:05:01,12408.69,35271.29,12407.52,12409.8,0.05,280.46,159.25
/simulations_1_1/integration/unscaled/hvg/R/fastmnn.RDS,109.3058,0:01:49,2436.17,34892.3,2431.47,2432.2,299.35,346.43,81.39
/simulations_1_1/integration/scaled/full_feature/mnn.h5ad,1617.1119,0:26:57,13880.74,36233.86,13929.75,13932.38,913.74,633.87,294.89
/simulations_1_1/integration/scaled/full_feature/desc.h5ad,1180.8665,0:19:40,4220.92,36223.21,4214.94,4217.54,601.56,333.3,345.12
/simulations_1_1/integration/scaled/full_feature/scanorama.h5ad,354.3303,0:05:54,11862.61,36223.68,11854.13,11856.73,601.56,535.65,94.53
/simulations_1_1/integration/scaled/full_feature/bbknn.h5ad,105.6592,0:01:45,3422.71,36233.86,3415.52,3418.11,601.56,198.88,64.26
/simulations_1_1/integration/scaled/full_feature/combat.h5ad,86.5873,0:01:26,4718.39,36233.86,4709.95,4712.55,601.56,752.43,76.73
/simulations_1_1/integration/scaled/full_feature/scgen.h5ad,8935.6698,2:28:55,6530.2,36233.85,6527.88,6530.48,601.56,0.24,187.09
/simulations_1_1/integration/scaled/full_feature/saucie.h5ad,122.1859,0:02:02,3769.08,36233.86,3760.97,3763.57,601.56,541.93,107.44
/simulations_1_1/integration/scaled/full_feature/R/conos.RDS,334.0994,0:05:34,27134.12,29129.18,7586.87,7587.53,669.99,1043.22,134.51
/simulations_1_1/integration/scaled/full_feature/R/fastmnn.RDS,569.3311,0:09:29,6018.71,35248.15,6014.0,6014.72,669.99,1957.8,95.66
/simulations_1_1/integration/scaled/full_feature/R/seurat.RDS,1083.7778,0:18:03,28098.57,35174.93,28103.36,28104.94,1281.6,1566.72,155.51
/simulations_1_1/integration/scaled/full_feature/R/harmony.RDS,301.2249,0:05:01,5540.69,35174.93,5534.71,5536.29,0.48,1300.32,229.12
/simulations_1_1/integration/scaled/full_feature/R/seuratrpca.RDS,797.2535,0:13:17,29321.69,29974.99,29317.17,29317.85,669.99,1700.57,98.32
/simulations_1_1/integration/scaled/hvg/mnn.h5ad,318.0092,0:05:18,8186.21,36233.85,4020.74,4023.37,234.09,0.24,235.18
/simulations_1_1/integration/scaled/hvg/scanorama.h5ad,89.1892,0:01:29,3685.75,36233.85,3677.31,3679.91,234.09,0.24,78.72
/simulations_1_1/integration/scaled/hvg/bbknn.h5ad,38.7319,0:00:38,1730.08,34931.64,1721.73,1724.33,234.09,0.24,26.78
/simulations_1_1/integration/scaled/hvg/scgen.h5ad,2335.8744,0:38:55,5755.59,36233.85,5747.38,5749.97,234.09,109.12,210.02
/simulations_1_1/integration/scaled/hvg/saucie.h5ad,89.2981,0:01:29,2152.01,36233.85,2143.73,2146.33,234.09,79.66,115.6
/simulations_1_1/integration/scaled/hvg/desc.h5ad,405.0839,0:06:45,2161.12,8974.5,2153.28,2155.88,234.09,7.32,316.65
/simulations_1_1/integration/scaled/hvg/combat.h5ad,33.1945,0:00:33,2412.39,36233.85,2405.92,2408.53,234.09,22.89,33.74
/simulations_1_1/integration/scaled/hvg/R/seuratrpca.RDS,315.9312,0:05:15,12296.6,12953.12,12292.05,12292.74,670.0,590.99,86.85
/simulations_1_1/integration/scaled/hvg/R/harmony.RDS,86.2129,0:01:26,2491.36,35174.93,2465.57,2475.79,669.5,103.17,245.34
/simulations_1_1/integration/scaled/hvg/R/conos.RDS,193.2479,0:03:13,4770.3,36346.01,4772.01,4772.67,670.0,354.14,153.24
/simulations_1_1/integration/scaled/hvg/R/fastmnn.RDS,140.3619,0:02:20,2739.22,36233.86,2734.5,2735.23,670.0,305.22,89.44
/simulations_1_1/integration/scaled/hvg/R/seurat.RDS,434.8145,0:07:14,13809.64,35174.93,13801.2,13803.48,0.05,622.42,141.19
/immune_cell_hum/integration/unscaled/full_feature/scvi.h5ad,16861.1631,4:41:01,4390.72,36233.86,4385.26,4387.86,241.57,35.71,99.63
/immune_cell_hum/integration/unscaled/full_feature/trvae.h5ad,16180.8523,4:29:40,33844.37,40601.12,33830.89,33835.44,520.05,3106.26,867.27
/immune_cell_hum/integration/unscaled/full_feature/combat.h5ad,155.4167,0:02:35,17145.33,36233.86,17140.85,17143.46,241.57,477.08,83.95
/immune_cell_hum/integration/unscaled/full_feature/desc.h5ad,3747.0752,1:02:27,6489.35,36233.86,6484.03,6486.64,241.57,257.98,364.46
/immune_cell_hum/integration/unscaled/full_feature/bbknn.h5ad,131.6548,0:02:11,5434.34,35074.77,5425.89,5428.48,241.57,0.24,76.95
/immune_cell_hum/integration/unscaled/full_feature/saucie.h5ad,204.8337,0:03:24,7490.87,36233.86,7482.46,7485.06,467.15,1513.86,89.49
/immune_cell_hum/integration/unscaled/full_feature/scgen.h5ad,70602.9485,19:36:42,12317.1,36233.85,12308.82,12311.43,241.57,658.43,136.61
/immune_cell_hum/integration/unscaled/full_feature/scanvi.h5ad,17777.8818,4:56:17,6435.26,36460.85,6427.66,6430.29,241.57,213.22,99.7
/immune_cell_hum/integration/unscaled/full_feature/mnn.h5ad,17928.2143,4:58:48,90042.48,112073.89,90311.18,90313.81,241.71,1253.36,496.82
/immune_cell_hum/integration/unscaled/full_feature/scanorama.h5ad,700.6534,0:11:40,17460.63,20499.39,17452.26,17454.87,241.57,1161.98,94.18
/immune_cell_hum/integration/unscaled/full_feature/R/seuratrpca.RDS,1532.0753,0:25:32,52640.02,54001.58,52641.53,52642.21,253.13,2567.1,98.18
/immune_cell_hum/integration/unscaled/full_feature/R/harmony.RDS,343.2093,0:05:43,13074.26,35174.93,13066.03,13068.33,0.05,2765.2,324.92
/immune_cell_hum/integration/unscaled/full_feature/R/liger.RDS,2459.2987,0:40:59,13115.64,43716.6,13026.14,13028.46,2.82,451.16,348.33
/immune_cell_hum/integration/unscaled/full_feature/R/seurat.RDS,2567.4209,0:42:47,91191.16,100228.82,91187.62,91189.91,876.35,2789.68,154.17
/immune_cell_hum/integration/unscaled/full_feature/R/conos.RDS,389.8237,0:06:29,223636.67,239368.76,14618.75,19223.94,253.11,777.33,394.03
/immune_cell_hum/integration/unscaled/full_feature/R/fastmnn.RDS,740.9907,0:12:20,10638.84,35081.98,10634.13,10634.85,253.11,7655.47,97.64
/immune_cell_hum/integration/unscaled/hvg/combat.h5ad,30.7252,0:00:30,2193.62,36233.85,2185.14,2187.75,39.64,0.24,37.14
/immune_cell_hum/integration/unscaled/hvg/trvae.h5ad,9790.1228,2:43:10,30492.63,37837.18,30425.72,30455.82,276.46,465.47,896.21
/immune_cell_hum/integration/unscaled/hvg/bbknn.h5ad,37.3791,0:00:37,1124.55,34892.3,1116.1,1118.7,39.64,0.27,22.68
/immune_cell_hum/integration/unscaled/hvg/scanvi.h5ad,3284.3725,0:54:44,1431.6,36234.48,1423.87,1426.49,39.64,0.24,98.91
/immune_cell_hum/integration/unscaled/hvg/scgen.h5ad,12240.7818,3:24:00,5739.33,36233.85,5735.04,5737.65,39.64,0.24,159.02
/immune_cell_hum/integration/unscaled/hvg/saucie.h5ad,87.5586,0:01:27,1841.85,36233.85,1833.64,1836.23,39.64,55.75,119.89
/immune_cell_hum/integration/unscaled/hvg/scanorama.h5ad,169.8085,0:02:49,3363.64,36233.85,3355.28,3357.89,39.64,255.71,95.2
/immune_cell_hum/integration/unscaled/hvg/scvi.h5ad,3020.3566,0:50:20,1509.39,36233.86,1503.49,1506.08,39.64,0.24,98.63
/immune_cell_hum/integration/unscaled/hvg/mnn.h5ad,4383.6739,1:13:03,8566.88,36233.86,8463.31,8465.93,39.64,0.24,410.01
/immune_cell_hum/integration/unscaled/hvg/desc.h5ad,1240.4109,0:20:40,1817.6,36233.86,1815.19,1817.8,39.64,7.32,329.24
/immune_cell_hum/integration/unscaled/hvg/R/harmony.RDS,186.1331,0:03:06,2037.91,35174.8,2011.74,2023.04,703.37,10.46,230.99
/immune_cell_hum/integration/unscaled/hvg/R/liger.RDS,658.4824,0:10:58,8218.16,39720.13,8209.18,8211.69,253.67,439.88,496.5
/immune_cell_hum/integration/unscaled/hvg/R/seurat.RDS,754.6039,0:12:34,19431.67,35174.93,19423.52,19425.8,0.05,255.78,158.71
/immune_cell_hum/integration/unscaled/hvg/R/fastmnn.RDS,118.6683,0:01:58,3201.7,35248.15,3196.97,3197.7,277.19,736.66,77.39
/immune_cell_hum/integration/unscaled/hvg/R/conos.RDS,341.5081,0:05:41,113817.76,129485.02,17345.12,19559.96,253.12,396.46,447.36
/immune_cell_hum/integration/unscaled/hvg/R/seuratrpca.RDS,504.6999,0:08:24,12636.25,36234.49,12631.74,12632.43,1028.45,421.83,79.7
/immune_cell_hum/integration/scaled/hvg/saucie.h5ad,94.2018,0:01:34,1216.02,36233.85,1207.65,1210.25,69.57,0.24,103.59
/immune_cell_hum/integration/scaled/hvg/scanorama.h5ad,312.6746,0:05:12,7425.14,36460.21,7416.66,7419.26,69.57,0.24,88.8
/immune_cell_hum/integration/scaled/hvg/combat.h5ad,35.0865,0:00:35,2002.84,3279.36,1994.39,1996.98,69.57,0.24,23.22
/immune_cell_hum/integration/scaled/hvg/mnn.h5ad,2534.594,0:42:14,6635.21,35370.94,6554.73,6557.35,0.0,0.26,270.42
/immune_cell_hum/integration/scaled/hvg/scgen.h5ad,12357.4263,3:25:57,5775.05,10924.98,5770.75,5773.36,0.0,0.24,158.7
/immune_cell_hum/integration/scaled/hvg/bbknn.h5ad,34.8613,0:00:34,1318.18,36233.86,1309.71,1312.31,0.0,0.24,33.48
/immune_cell_hum/integration/scaled/hvg/desc.h5ad,1375.1699,0:22:55,3843.27,35370.95,3843.2,3845.81,69.57,7.32,323.95
/immune_cell_hum/integration/scaled/hvg/R/fastmnn.RDS,201.8366,0:03:21,5438.8,36233.86,5434.08,5434.81,1846.94,889.13,91.91
/immune_cell_hum/integration/scaled/hvg/R/conos.RDS,404.9907,0:06:44,344748.33,360161.84,28814.91,31768.68,0.05,532.56,283.58
/immune_cell_hum/integration/scaled/hvg/R/seuratrpca.RDS,889.6717,0:14:49,34639.81,36234.49,34635.29,34635.98,1846.94,2185.27,98.19
/immune_cell_hum/integration/scaled/hvg/R/harmony.RDS,226.6246,0:03:46,5530.71,35174.8,5513.08,5519.96,2139.39,13.9,215.67
/immune_cell_hum/integration/scaled/hvg/R/seurat.RDS,1817.3903,0:30:17,44251.56,46058.22,44247.95,44249.57,3837.98,1967.67,119.86
/immune_cell_hum/integration/scaled/full_feature/scgen.h5ad,71766.2345,19:56:06,12322.14,36233.86,12313.85,12316.46,0.0,126.65,136.3
/immune_cell_hum/integration/scaled/full_feature/scanorama.h5ad,1189.8511,0:19:49,36768.02,40291.09,36761.53,36764.14,432.54,2008.04,98.38
/immune_cell_hum/integration/scaled/full_feature/mnn.h5ad,15675.6995,4:21:15,40807.62,49598.12,40267.89,40270.52,0.0,1451.59,321.72
/immune_cell_hum/integration/scaled/full_feature/bbknn.h5ad,107.1855,0:01:47,6776.68,36234.82,6771.12,6773.72,0.0,454.47,91.67
/immune_cell_hum/integration/scaled/full_feature/combat.h5ad,151.624,0:02:31,16251.07,36233.86,16242.74,16245.35,432.54,475.95,86.5
/immune_cell_hum/integration/scaled/full_feature/saucie.h5ad,175.3148,0:02:55,7091.84,36234.82,7083.53,7086.13,432.54,1520.06,104.98
/immune_cell_hum/integration/scaled/full_feature/desc.h5ad,3772.1185,1:02:52,7707.61,36223.21,7700.64,7703.24,432.54,485.3,363.06
/immune_cell_hum/integration/scaled/full_feature/R/fastmnn.RDS,1067.6949,0:17:47,16774.84,35248.15,16770.13,16770.85,1846.93,7007.74,95.83
/immune_cell_hum/integration/scaled/full_feature/R/conos.RDS,828.9751,0:13:48,628212.02,643843.96,25073.42,25074.07,1846.93,2357.16,168.21
/immune_cell_hum/integration/scaled/full_feature/R/seurat.RDS,3426.9624,0:57:06,133923.25,143948.56,133943.81,133944.5,0.19,5019.53,135.56
/immune_cell_hum/integration/scaled/full_feature/R/seuratrpca.RDS,2434.4774,0:40:34,87068.64,88106.94,87070.07,87070.74,1846.93,4976.33,98.71
/immune_cell_hum/integration/scaled/full_feature/R/harmony.RDS,827.6896,0:13:47,14944.68,35174.93,14940.32,14941.01,2470.84,4896.49,187.95
/mouse_brain_atac_windows_large/integration/unscaled/full_feature/saucie.h5ad,2464.3852,0:41:04,127210.45,128527.04,127202.0,127204.63,2740.69,37115.14,91.19
/mouse_brain_atac_windows_large/integration/unscaled/full_feature/combat.h5ad,7025.1036,1:57:05,377327.8,388943.93,377178.34,377178.44,6340.16,7132.35,97.77
/mouse_brain_atac_windows_large/integration/unscaled/full_feature/bbknn.h5ad,2568.38,0:42:48,127074.37,128070.67,127065.95,127068.58,20.02,2207.39,97.63
/mouse_brain_atac_windows_large/integration/unscaled/full_feature/desc.h5ad,60013.0238,16:40:13,67864.63,73782.19,67866.18,67868.89,2918.07,5178.56,419.85
/mouse_brain_atac_windows_large/integration/unscaled/full_feature/R/harmony.RDS,8915.6227,2:28:35,336477.95,337104.59,336473.39,336474.06,2772.16,74144.8,98.28
/mouse_brain_atac_windows_large/integration/unscaled/full_feature/R/liger.RDS,90679.9276,"1 day, 1:11:19",277760.49,279281.38,276514.33,276515.0,2065.8,2037.79,99.67
/mouse_brain_atac_windows_large/integration/unscaled/full_feature/R/conos.RDS,1573.3563,0:26:13,1220858.08,1237244.08,54891.46,77878.26,2069.13,4037.89,276.08
/mouse_brain_atac_peaks_small/integration/unscaled/full_feature/bbknn.h5ad,328.6168,0:05:28,10691.0,35033.01,10618.72,10643.51,306.33,310.71,93.59
/mouse_brain_atac_peaks_small/integration/unscaled/full_feature/scanvi.h5ad,99337.1097,"1 day, 3:35:37",9253.29,35155.34,9127.48,9187.7,200.2,353.6,99.75
/mouse_brain_atac_peaks_small/integration/unscaled/full_feature/mnn.h5ad,32925.0641,9:08:45,651540.91,706989.57,183161.64,183194.2,10729.9,2634.38,324.26
/mouse_brain_atac_peaks_small/integration/unscaled/full_feature/saucie.h5ad,399.5956,0:06:39,12649.56,35033.01,12530.07,12575.51,318.84,3858.1,94.93
/mouse_brain_atac_peaks_small/integration/unscaled/full_feature/scvi.h5ad,96284.622,"1 day, 2:44:44",4543.53,35033.01,4467.84,4491.41,485.12,193.5,99.73
/mouse_brain_atac_peaks_small/integration/unscaled/full_feature/combat.h5ad,410.5081,0:06:50,39602.04,48940.65,39535.46,39556.76,1.68,1164.25,95.56
/mouse_brain_atac_peaks_small/integration/unscaled/full_feature/desc.h5ad,8639.496,2:23:59,11361.72,34365.7,11248.62,11294.9,41.18,799.82,265.68
/mouse_brain_atac_peaks_small/integration/unscaled/full_feature/scanorama.h5ad,1356.9811,0:22:36,80583.19,90701.76,80513.42,80544.46,166.04,5168.41,95.48
/mouse_brain_atac_peaks_small/integration/unscaled/full_feature/R/liger.RDS,10093.4619,2:48:13,34261.31,35033.01,34253.49,34255.39,1072.77,281.58,99.21
/mouse_brain_atac_peaks_small/integration/unscaled/full_feature/R/seuratrpca.RDS,2893.5382,0:48:13,104393.25,109726.25,104402.76,104403.48,335.54,5136.29,98.54
/mouse_brain_atac_peaks_small/integration/unscaled/full_feature/R/harmony.RDS,1669.0205,0:27:49,29656.28,35248.78,29651.73,29652.4,335.57,8264.36,98.63
/mouse_brain_atac_peaks_small/integration/unscaled/full_feature/R/conos.RDS,237.4977,0:03:57,20063.38,35033.01,6036.96,6038.29,1047.6,383.94,119.95
/mouse_brain_atac_peaks_small/integration/unscaled/full_feature/R/fastmnn.RDS,1861.9052,0:31:01,23840.64,24505.03,23835.94,23836.68,335.56,19980.59,98.27
/mouse_brain_atac_peaks_small/integration/unscaled/full_feature/R/seurat.RDS,2738.2237,0:45:38,94019.88,99619.38,94284.5,94285.79,0.05,5196.02,98.75
/mouse_brain_atac_peaks_small/integration/unscaled/full_feature/scgen.h5ad,97075.1145,"1 day, 2:57:55",33382.17,48773.18,33711.81,33712.43,20869.39,769.02,127.87
/mouse_brain_atac_peaks_small/integration/unscaled/full_feature/R/seuratrpca.RDS,2893.5382,0:48:13,104393.25,109726.25,104402.76,104403.48,335.54,5136.29,98.54
/mouse_brain_atac_windows_small/integration/unscaled/full_feature/mnn.h5ad,20790.9879,5:46:30,541747.83,595837.49,268896.93,268899.58,582.59,3136.55,587.69
/mouse_brain_atac_windows_small/integration/unscaled/full_feature/scgen.h5ad,71990.7405,19:59:50,38400.7,47776.93,38392.38,38395.01,611.15,1164.87,188.51
/mouse_brain_atac_windows_small/integration/unscaled/full_feature/combat.h5ad,442.3021,0:07:22,38140.96,41207.72,38134.51,38137.12,596.55,1618.1,93.99
/mouse_brain_atac_windows_small/integration/unscaled/full_feature/desc.h5ad,7814.1511,2:10:14,13277.08,24250.37,13270.95,13273.6,833.78,1384.59,436.09
/mouse_brain_atac_windows_small/integration/unscaled/full_feature/scvi.h5ad,97982.0857,"1 day, 3:13:02",5615.23,35248.78,5607.63,5610.27,777.35,452.08,99.74
/mouse_brain_atac_windows_small/integration/unscaled/full_feature/scanorama.h5ad,1447.7004,0:24:07,90654.3,94475.12,90651.84,90654.46,601.45,5642.89,95.22
/mouse_brain_atac_windows_small/integration/unscaled/full_feature/saucie.h5ad,367.5425,0:06:07,15078.49,36234.48,15070.15,15072.76,805.55,4304.96,98.31
/mouse_brain_atac_windows_small/integration/unscaled/full_feature/scanvi.h5ad,100705.9609,"1 day, 3:58:25",10743.23,36234.49,10737.09,10739.74,787.71,538.54,99.73
/mouse_brain_atac_windows_small/integration/unscaled/full_feature/bbknn.h5ad,389.5423,0:06:29,12019.97,36234.48,12011.56,12014.18,607.2,433.02,93.82
/mouse_brain_atac_windows_small/integration/unscaled/full_feature/R/harmony.RDS,1442.0739,0:24:02,32284.92,36234.48,32280.54,32281.27,1241.7,8968.0,91.89
/mouse_brain_atac_windows_small/integration/unscaled/full_feature/R/conos.RDS,229.2012,0:03:49,24612.54,35140.41,6728.25,7265.81,466.09,574.79,149.45
/mouse_brain_atac_windows_small/integration/unscaled/full_feature/R/seuratrpca.RDS,3140.9086,0:52:20,123270.38,123925.03,123265.86,123266.55,462.83,7221.45,99.34
/mouse_brain_atac_windows_small/integration/unscaled/full_feature/R/seurat.RDS,2479.7463,0:41:19,111814.79,112463.71,111810.23,111810.9,1202.82,7025.58,97.39
/mouse_brain_atac_windows_small/integration/unscaled/full_feature/R/fastmnn.RDS,1996.459,0:33:16,26913.46,36234.48,26908.77,26909.51,486.93,21635.39,97.27
/mouse_brain_atac_windows_small/integration/unscaled/full_feature/R/liger.RDS,7875.271,2:11:15,37910.58,38565.78,37906.18,37906.85,2.59,380.75,99.39
/mouse_brain_atac_peaks_large/integration/unscaled/full_feature/bbknn.h5ad,2299.7851,0:38:19,106054.42,107400.12,105981.64,106014.2,2419.21,2171.55,96.96
/mouse_brain_atac_peaks_large/integration/unscaled/full_feature/combat.h5ad,29217.9769,8:06:57,263673.7,322788.17,263746.95,263747.1,106724.63,5953.25,26.7
/mouse_brain_atac_peaks_large/integration/unscaled/full_feature/desc.h5ad,49596.6342,13:46:36,60650.55,65650.98,60644.11,60646.75,2654.59,4212.18,421.06
/mouse_brain_atac_peaks_large/integration/unscaled/full_feature/scvi.h5ad,161678.7888,"1 day, 20:54:38",16936.32,35033.01,17211.79,17214.42,2419.21,2121.39,99.75
/mouse_brain_atac_peaks_large/integration/unscaled/full_feature/saucie.h5ad,2229.2455,0:37:09,87078.54,89100.8,86959.0,87004.44,0.0,30698.99,91.91
/mouse_brain_atac_peaks_large/integration/unscaled/full_feature/R/conos.RDS,2268.5659,0:37:48,1234575.99,1250332.97,46513.77,56684.67,1899.25,2911.6,281.2
/mouse_brain_atac_peaks_large/integration/unscaled/full_feature/R/harmony.RDS,9791.324,2:43:11,279450.33,280076.95,279445.78,279446.45,1836.61,60252.26,99.25
/mouse_brain_atac_peaks_large/integration/unscaled/full_feature/R/liger.RDS,75834.9511,21:03:54,228304.14,229515.15,227259.63,227260.28,2614.8,1806.96,99.65
/mouse_brain_atac_genes_large/integration/unscaled/full_feature/desc.h5ad,4330.335,1:12:10,6387.05,35017.61,6380.74,6383.38,285.12,188.54,356.52
/mouse_brain_atac_genes_large/integration/unscaled/full_feature/bbknn.h5ad,102.3926,0:01:42,5493.89,36234.48,5488.48,5491.09,276.2,0.24,69.02
/mouse_brain_atac_genes_large/integration/unscaled/full_feature/scanorama.h5ad,1778.2941,0:29:38,31079.89,36234.48,31071.45,31074.08,41.52,855.12,97.92
/mouse_brain_atac_genes_large/integration/unscaled/full_feature/scvi.h5ad,4940.797,1:22:20,4789.29,36234.48,4785.04,4787.65,0.0,0.24,99.15
/mouse_brain_atac_genes_large/integration/unscaled/full_feature/scgen.h5ad,79453.8698,22:04:13,48878.68,54667.93,48882.35,48884.99,0.0,607.02,130.77
/mouse_brain_atac_genes_large/integration/unscaled/full_feature/combat.h5ad,128.4234,0:02:08,14383.5,36471.02,14377.06,14379.69,7.08,191.12,77.2
/mouse_brain_atac_genes_large/integration/unscaled/full_feature/saucie.h5ad,191.7542,0:03:11,5850.28,36460.85,5842.18,5844.8,244.99,804.73,80.27
/mouse_brain_atac_genes_large/integration/unscaled/full_feature/scanvi.h5ad,5824.606,1:37:04,5754.23,9269.51,5746.08,5748.73,276.19,200.72,99.49
/mouse_brain_atac_genes_large/integration/unscaled/full_feature/R/liger.RDS,2338.1654,0:38:58,14910.31,36234.48,14905.85,14906.52,874.5,133.0,95.2
/mouse_brain_atac_genes_large/integration/unscaled/full_feature/R/fastmnn.RDS,693.2487,0:11:33,11619.68,35017.61,11614.98,11615.72,190.18,3819.49,95.24
/mouse_brain_atac_genes_large/integration/unscaled/full_feature/R/conos.RDS,943.3692,0:15:43,254787.78,260402.08,32247.88,32248.56,166.15,710.71,321.27
/mouse_brain_atac_genes_large/integration/unscaled/full_feature/R/seurat.RDS,3608.1184,1:00:08,42580.48,43206.2,42575.91,42576.58,166.16,319.82,99.0
/mouse_brain_atac_genes_large/integration/unscaled/full_feature/R/seuratrpca.RDS,1473.366,0:24:33,41802.69,42599.82,41866.16,41866.89,883.28,368.76,94.62
/mouse_brain_atac_genes_large/integration/unscaled/full_feature/R/harmony.RDS,501.0986,0:08:21,15702.27,36346.64,15697.71,15698.39,166.56,688.41,96.74
/mouse_brain_atac_genes_small/integration/unscaled/full_feature/scgen.h5ad,3403.7334,0:56:43,4201.15,36234.49,4196.94,4199.56,70.31,0.24,194.53
/mouse_brain_atac_genes_small/integration/unscaled/full_feature/mnn.h5ad,1309.1755,0:21:49,36304.59,69335.9,1936.31,1938.96,40.18,108.4,97.39
/mouse_brain_atac_genes_small/integration/unscaled/full_feature/scanorama.h5ad,66.9619,0:01:06,3689.1,36234.48,3680.89,3683.52,76.05,0.24,53.07
/mouse_brain_atac_genes_small/integration/unscaled/full_feature/trvae.h5ad,3055.1691,0:50:55,3386.3,35248.77,3376.6,3379.55,78.67,413.38,177.92
/mouse_brain_atac_genes_small/integration/unscaled/full_feature/desc.h5ad,607.4478,0:10:07,1493.81,36224.31,1486.51,1489.13,50.39,12.23,335.65
/mouse_brain_atac_genes_small/integration/unscaled/full_feature/scvi.h5ad,2739.9155,0:45:39,1009.82,36234.48,1002.14,1004.77,199.98,0.24,98.53
/mouse_brain_atac_genes_small/integration/unscaled/full_feature/bbknn.h5ad,22.6706,0:00:22,933.73,35248.78,925.5,928.11,53.59,0.24,47.06
/mouse_brain_atac_genes_small/integration/unscaled/full_feature/scanvi.h5ad,2913.8531,0:48:33,1200.05,36234.49,1191.89,1194.54,0.0,0.24,99.15
/mouse_brain_atac_genes_small/integration/unscaled/full_feature/saucie.h5ad,83.13,0:01:23,1353.29,36234.48,1345.1,1347.72,40.64,53.52,123.3
/mouse_brain_atac_genes_small/integration/unscaled/full_feature/combat.h5ad,24.8192,0:00:24,1973.33,36234.48,1966.93,1969.54,48.51,0.24,42.02
/mouse_brain_atac_genes_small/integration/unscaled/full_feature/R/liger.RDS,457.829,0:07:37,1877.22,36234.48,1872.78,1873.45,737.54,0.3,75.89
/mouse_brain_atac_genes_small/integration/unscaled/full_feature/R/harmony.RDS,58.8644,0:00:58,2093.03,35477.2,2088.47,2089.14,0.49,15.27,60.36
/mouse_brain_atac_genes_small/integration/unscaled/full_feature/R/seurat.RDS,121.0,0:02:01,6229.88,36234.48,6225.38,6226.05,29.19,12.16,78.85
/mouse_brain_atac_genes_small/integration/unscaled/full_feature/R/conos.RDS,171.5147,0:02:51,3511.37,36234.48,3512.21,3512.89,738.27,80.72,110.21
/mouse_brain_atac_genes_small/integration/unscaled/full_feature/R/fastmnn.RDS,152.6857,0:02:32,2323.8,36234.48,2319.11,2319.85,759.07,260.64,41.09
/mouse_brain_atac_genes_small/integration/unscaled/full_feature/R/seuratrpca.RDS,186.2763,0:03:06,5807.77,36234.48,5803.48,5804.21,743.32,0.32,42.15
